user_id,name,email,phone,signup_date
1,Sam Patel,sam.patel1@example.com,+916107420369,2023-10-16
2,Karan Nair,karan.nair2@example.com,+916958682846,2025-06-24
3,Maya Patel,maya.patel3@example.com,+918906402157,2023-10-17
4,Liam Malhotra,liam.malhotra4@example.com,+916373399426,2024-03-19
5,Ishaan Kumar,ishaan.kumar5@example.com,+916127978094,2025-08-10
6,Rohit Nair,rohit.nair6@example.com,+918170484433,2024-03-07
7,Amit Malhotra,amit.malhotra7@example.com,+916854001193,2023-11-11
8,Sam Malhotra,sam.malhotra8@example.com,+917801823908,2025-04-02
9,Ritu Bose,ritu.bose9@example.com,+917194819984,2023-08-08
10,Zara Sharma,zara.sharma10@example.com,+919259052811,2023-08-11
11,Anita Das,anita.das11@example.com,+917461364854,2025-02-02
12,Vikram Iyer,vikram.iyer12@example.com,+919279182318,2024-12-04
13,Sneha Singh,sneha.singh13@example.com,+917631775357,2025-08-06
14,Pooja Joshi,pooja.joshi14@example.com,+918592983555,2025-02-16
15,Lily Kumar,lily.kumar15@example.com,+919134174160,2024-07-31
16,Arjun Patel,arjun.patel16@example.com,+919961228449,2024-10-22
17,Rahul Malhotra,rahul.malhotra17@example.com,+917259191105,2023-07-18
18,Sam Saxena,sam.saxena18@example.com,+919802986287,2023-06-15
19,Pooja Bose,pooja.bose19@example.com,+916825873196,2023-11-23
20,Rahul Kumar,rahul.kumar20@example.com,+918840104345,2025-03-25
21,Owen Chopra,owen.chopra21@example.com,+916342703921,2023-06-22
22,Neha Patel,neha.patel22@example.com,+917632629719,2025-02-02
23,Ritu Joshi,ritu.joshi23@example.com,+916698594025,2024-10-30
24,Pooja Iyer,pooja.iyer24@example.com,+918878380452,2025-02-13
25,Evan Singh,evan.singh25@example.com,+918616197747,2024-02-02
26,Anita Malhotra,anita.malhotra26@example.com,+919131575764,2025-03-08
27,Anita Roy,anita.roy27@example.com,+917629748727,2025-02-10
28,Aria Malhotra,aria.malhotra28@example.com,+916943239974,2023-12-13
29,Suresh Kumar,suresh.kumar29@example.com,+916983753977,2023-07-26
30,Priya Verma,priya.verma30@example.com,+917722989659,2025-02-12
31,Rahul Iyer,rahul.iyer31@example.com,+919921889760,2023-03-24
32,Meera Verma,meera.verma32@example.com,+916913224047,2024-01-12
33,Manish Khan,manish.khan33@example.com,+919799685197,2023-04-22
34,Sam Roy,sam.roy34@example.com,+916613628803,2025-02-15
35,Vikram Nair,vikram.nair35@example.com,+919199703321,2024-04-18
36,Arjun Rao,arjun.rao36@example.com,+919208399878,2024-03-25
37,Ishaan Bose,ishaan.bose37@example.com,+917715412119,2024-11-08
38,Neha Gupta,neha.gupta38@example.com,+918188398760,2024-06-26
39,Rahul Kumar,rahul.kumar39@example.com,+919698408854,2025-07-24
40,Vikram Reddy,vikram.reddy40@example.com,+919401954956,2023-12-18
41,Ishaan Saxena,ishaan.saxena41@example.com,+916272849424,2024-10-15
42,Ayesha Saxena,ayesha.saxena42@example.com,+918010258946,2024-05-21
43,Karan Malhotra,karan.malhotra43@example.com,+919697020653,2023-03-24
44,Amit Patel,amit.patel44@example.com,+918927923735,2023-05-22
45,Arjun Rao,arjun.rao45@example.com,+919301106403,2024-01-27
46,Suresh Patel,suresh.patel46@example.com,+917260573448,2024-08-25
47,Anita Roy,anita.roy47@example.com,+916013938521,2023-03-13
48,Maya Rao,maya.rao48@example.com,+918150000991,2023-09-25
49,Anita Mehta,anita.mehta49@example.com,+919919706735,2025-07-28
50,Zara Chopra,zara.chopra50@example.com,+919614942327,2024-01-29
51,Kavita Saxena,kavita.saxena51@example.com,+916854316681,2025-06-10
52,Pooja Reddy,pooja.reddy52@example.com,+918316615266,2023-03-13
53,Owen Mehta,owen.mehta53@example.com,+919944899549,2025-11-13
54,Aditya Verma,aditya.verma54@example.com,+918098545541,2025-10-25
55,Sneha Joshi,sneha.joshi55@example.com,+919774081712,2023-07-16
56,Lily Chopra,lily.chopra56@example.com,+917028439863,2025-09-15
57,Neha Bose,neha.bose57@example.com,+916338258951,2025-08-18
58,Maya Kapoor,maya.kapoor58@example.com,+919504793184,2025-09-04
59,Owen Malhotra,owen.malhotra59@example.com,+919289233844,2025-07-08
60,Vikram Kapoor,vikram.kapoor60@example.com,+918361388464,2025-05-28
61,Karan Mehta,karan.mehta61@example.com,+919747071386,2024-03-02
62,Ishaan Iyer,ishaan.iyer62@example.com,+919989653086,2024-05-10
63,Owen Iyer,owen.iyer63@example.com,+919062092518,2024-12-29
64,Ayesha Joshi,ayesha.joshi64@example.com,+917881625505,2023-05-07
65,Kavita Roy,kavita.roy65@example.com,+916519709079,2025-03-05
66,Neha Singh,neha.singh66@example.com,+917452066459,2025-10-23
67,Meera Malhotra,meera.malhotra67@example.com,+916988335251,2024-03-21
68,Neha Sharma,neha.sharma68@example.com,+916304912982,2023-11-20
69,Sam Kumar,sam.kumar69@example.com,+916983297492,2025-09-05
70,Liam Kumar,liam.kumar70@example.com,+919692105921,2024-12-10
71,Rahul Mehta,rahul.mehta71@example.com,+917022222125,2025-02-01
72,Lina Kapoor,lina.kapoor72@example.com,+916920140090,2024-05-10
73,Vikram Bose,vikram.bose73@example.com,+918474810179,2024-07-17
74,Neha Kapoor,neha.kapoor74@example.com,+919468173213,2024-09-23
75,Rohit Patel,rohit.patel75@example.com,+916416314667,2024-01-09
76,Ishaan Joshi,ishaan.joshi76@example.com,+917819256337,2024-09-19
77,Ritu Kumar,ritu.kumar77@example.com,+918892078691,2024-01-14
78,Sam Patel,sam.patel78@example.com,+916260329455,2024-09-27
79,Maya Verma,maya.verma79@example.com,+919438518641,2023-06-15
80,Sneha Nair,sneha.nair80@example.com,+916822873088,2025-05-03
81,Arjun Roy,arjun.roy81@example.com,+916602078388,2024-09-07
82,Anita Rao,anita.rao82@example.com,+917986972437,2025-03-03
83,Zara Singh,zara.singh83@example.com,+917903232052,2023-08-09
84,Zara Malhotra,zara.malhotra84@example.com,+916420514789,2025-09-23
85,Sam Malhotra,sam.malhotra85@example.com,+919590711152,2025-10-29
86,Rahul Nair,rahul.nair86@example.com,+916714300770,2024-09-23
87,Manish Kapoor,manish.kapoor87@example.com,+916918037633,2023-06-12
88,Ayesha Kumar,ayesha.kumar88@example.com,+916707111048,2024-10-21
89,Amit Khan,amit.khan89@example.com,+917139038460,2023-04-10
90,Lily Roy,lily.roy90@example.com,+917225136114,2024-09-06
91,Evan Malhotra,evan.malhotra91@example.com,+918842715617,2023-11-09
92,Manish Gupta,manish.gupta92@example.com,+916815605132,2025-01-14
93,Rohit Kumar,rohit.kumar93@example.com,+918487560384,2023-10-22
94,Arjun Kumar,arjun.kumar94@example.com,+919212530587,2024-12-27
95,Priya Kumar,priya.kumar95@example.com,+918509023674,2024-07-13
96,Kavita Mehta,kavita.mehta96@example.com,+916676168421,2025-09-16
97,Kavita Singh,kavita.singh97@example.com,+919656488400,2025-05-07
98,Rahul Saxena,rahul.saxena98@example.com,+916291889680,2023-12-23
99,Zara Nair,zara.nair99@example.com,+917734202799,2025-07-14
100,Liam Bose,liam.bose100@example.com,+917057486868,2024-03-31
101,Aditya Kumar,aditya.kumar101@example.com,+918660223333,2025-08-22
102,Ishaan Bose,ishaan.bose102@example.com,+918427631155,2024-05-27
103,Suresh Rao,suresh.rao103@example.com,+916877286584,2023-12-29
104,Evan Verma,evan.verma104@example.com,+917025148381,2025-02-15
105,Ayesha Gupta,ayesha.gupta105@example.com,+918884887548,2024-01-23
106,Divya Roy,divya.roy106@example.com,+917357970698,2023-04-07
107,Owen Singh,owen.singh107@example.com,+916040009587,2024-08-01
108,Aditya Bose,aditya.bose108@example.com,+916429416213,2025-08-30
109,Arjun Iyer,arjun.iyer109@example.com,+918172758220,2025-02-15
110,Vikram Joshi,vikram.joshi110@example.com,+919783282817,2025-09-04
111,Liam Nair,liam.nair111@example.com,+917587106770,2025-01-26
112,Anita Roy,anita.roy112@example.com,+919580907314,2024-05-06
113,Evan Chopra,evan.chopra113@example.com,+918627135980,2023-08-10
114,Sam Mehta,sam.mehta114@example.com,+916033599984,2023-12-31
115,Noah Malhotra,noah.malhotra115@example.com,+917285821930,2023-04-04
116,Lina Patel,lina.patel116@example.com,+919771526597,2025-06-29
117,Karan Patel,karan.patel117@example.com,+919821286999,2025-07-27
118,Maya Malhotra,maya.malhotra118@example.com,+916667643690,2025-02-08
119,Divya Saxena,divya.saxena119@example.com,+916904647469,2023-11-10
120,Suresh Iyer,suresh.iyer120@example.com,+918952777682,2024-02-03
121,Zara Rao,zara.rao121@example.com,+918170715377,2024-07-01
122,Karan Kumar,karan.kumar122@example.com,+916396418889,2024-02-03
123,Ishaan Rao,ishaan.rao123@example.com,+916189351213,2025-11-10
124,Suresh Gupta,suresh.gupta124@example.com,+918736381108,2025-02-18
125,Anita Roy,anita.roy125@example.com,+918369449369,2023-11-22
126,Ishaan Malhotra,ishaan.malhotra126@example.com,+916041531046,2025-07-22
127,Rahul Gupta,rahul.gupta127@example.com,+918343292475,2025-10-08
128,Noah Joshi,noah.joshi128@example.com,+918501859536,2024-04-27
129,Vikram Das,vikram.das129@example.com,+916547374338,2025-10-02
130,Divya Joshi,divya.joshi130@example.com,+919861096073,2023-04-03
131,Lily Kumar,lily.kumar131@example.com,+919860851904,2024-11-12
132,Rohit Nair,rohit.nair132@example.com,+918864457210,2025-07-31
133,Pooja Malhotra,pooja.malhotra133@example.com,+919797329628,2023-06-02
134,Ishaan Saxena,ishaan.saxena134@example.com,+919218981849,2025-06-08
135,Aria Nair,aria.nair135@example.com,+919713453204,2025-05-31
136,Lily Reddy,lily.reddy136@example.com,+919785653776,2024-09-17
137,Amit Reddy,amit.reddy137@example.com,+919163520297,2023-04-12
138,Suresh Das,suresh.das138@example.com,+919445573666,2023-12-29
139,Zara Nair,zara.nair139@example.com,+917145921803,2025-06-03
140,Lily Patel,lily.patel140@example.com,+917643004186,2023-06-04
141,Priya Kapoor,priya.kapoor141@example.com,+916955345537,2025-04-23
142,Noah Roy,noah.roy142@example.com,+917501771491,2025-01-05
143,Noah Nair,noah.nair143@example.com,+916957449367,2025-10-20
144,Lina Iyer,lina.iyer144@example.com,+917711398352,2024-12-12
145,Karan Singh,karan.singh145@example.com,+919321412630,2025-02-01
146,Pooja Mehta,pooja.mehta146@example.com,+917716605598,2023-12-19
147,Noah Malhotra,noah.malhotra147@example.com,+917422277848,2023-03-28
148,Amit Patel,amit.patel148@example.com,+919766851291,2023-02-24
149,Karan Reddy,karan.reddy149@example.com,+918493613917,2023-03-04
150,Karan Kumar,karan.kumar150@example.com,+916465585404,2024-03-13
151,Ishaan Joshi,ishaan.joshi151@example.com,+919129077209,2023-08-31
152,Suresh Das,suresh.das152@example.com,+918603647189,2024-06-08
153,Sneha Khan,sneha.khan153@example.com,+919863343401,2024-04-02
154,Rohit Rao,rohit.rao154@example.com,+916190638698,2023-11-19
155,Ishaan Sharma,ishaan.sharma155@example.com,+918233040884,2023-04-11
156,Lily Malhotra,lily.malhotra156@example.com,+918950028965,2023-11-08
157,Maya Iyer,maya.iyer157@example.com,+917564319318,2024-08-29
158,Rahul Verma,rahul.verma158@example.com,+918676432103,2024-12-27
159,Lina Patel,lina.patel159@example.com,+919091320992,2023-05-07
160,Divya Mehta,divya.mehta160@example.com,+917328367510,2024-01-01
161,Ishaan Verma,ishaan.verma161@example.com,+917728296502,2023-12-01
162,Divya Malhotra,divya.malhotra162@example.com,+916546696950,2025-05-01
163,Ishaan Khan,ishaan.khan163@example.com,+918909058412,2023-10-09
164,Liam Reddy,liam.reddy164@example.com,+918643616431,2024-04-10
165,Divya Khan,divya.khan165@example.com,+918353372386,2023-07-14
166,Amit Chopra,amit.chopra166@example.com,+917232285036,2025-04-12
167,Ishaan Bose,ishaan.bose167@example.com,+918605591588,2024-01-13
168,Suresh Roy,suresh.roy168@example.com,+917897456484,2024-08-18
169,Lina Iyer,lina.iyer169@example.com,+918195475598,2024-07-17
170,Lily Reddy,lily.reddy170@example.com,+918829742424,2025-08-19
171,Divya Mehta,divya.mehta171@example.com,+918851230518,2024-02-04
172,Aditya Verma,aditya.verma172@example.com,+916401094954,2023-07-29
173,Owen Nair,owen.nair173@example.com,+918889635392,2024-12-31
174,Neha Iyer,neha.iyer174@example.com,+916632880459,2025-10-19
175,Priya Nair,priya.nair175@example.com,+918040695043,2024-02-27
176,Zara Singh,zara.singh176@example.com,+917955997540,2024-09-15
177,Liam Bose,liam.bose177@example.com,+916835092972,2023-11-09
178,Evan Khan,evan.khan178@example.com,+918123333781,2024-09-30
179,Neha Gupta,neha.gupta179@example.com,+918817747689,2023-12-10
180,Amit Patel,amit.patel180@example.com,+919343290201,2024-09-04
181,Neha Reddy,neha.reddy181@example.com,+919453625530,2023-03-09
182,Evan Mehta,evan.mehta182@example.com,+917995226582,2025-09-23
183,Arjun Nair,arjun.nair183@example.com,+919940503685,2023-06-29
184,Sneha Roy,sneha.roy184@example.com,+916572687073,2023-08-16
185,Ritu Mehta,ritu.mehta185@example.com,+918400565848,2024-03-14
186,Suresh Roy,suresh.roy186@example.com,+918631321682,2023-08-02
187,Maya Mehta,maya.mehta187@example.com,+917832837596,2023-07-17
188,Aria Malhotra,aria.malhotra188@example.com,+917915184358,2023-05-10
189,Anita Kapoor,anita.kapoor189@example.com,+917933034905,2025-02-21
190,Owen Nair,owen.nair190@example.com,+919607183629,2024-01-31
191,Karan Mehta,karan.mehta191@example.com,+918081328344,2024-02-11
192,Neha Rao,neha.rao192@example.com,+917889238423,2025-08-26
193,Evan Chopra,evan.chopra193@example.com,+917007142260,2025-02-08
194,Suresh Verma,suresh.verma194@example.com,+919835521053,2024-05-09
195,Rahul Gupta,rahul.gupta195@example.com,+916647812758,2025-03-22
196,Ayesha Gupta,ayesha.gupta196@example.com,+919034047118,2025-04-08
197,Rahul Das,rahul.das197@example.com,+917750625978,2024-12-10
198,Arjun Roy,arjun.roy198@example.com,+917785736751,2025-09-11
199,Rohit Das,rohit.das199@example.com,+917672790155,2023-05-02
200,Owen Bose,owen.bose200@example.com,+918987248494,2025-10-24
201,Zara Bose,zara.bose201@example.com,+917633724084,2024-07-13
202,Amit Joshi,amit.joshi202@example.com,+917282531582,2023-10-04
203,Ayesha Das,ayesha.das203@example.com,+918311639723,2023-10-10
204,Maya Malhotra,maya.malhotra204@example.com,+919435407619,2024-03-06
205,Liam Nair,liam.nair205@example.com,+918096929657,2025-04-03
206,Karan Das,karan.das206@example.com,+918085816511,2025-10-15
207,Ayesha Verma,ayesha.verma207@example.com,+918872790327,2023-12-19
208,Lily Khan,lily.khan208@example.com,+919110335359,2025-05-28
209,Noah Roy,noah.roy209@example.com,+919949401194,2025-07-06
210,Aditya Malhotra,aditya.malhotra210@example.com,+916115820025,2023-04-30
211,Ayesha Bose,ayesha.bose211@example.com,+918424045110,2024-01-05
212,Amit Singh,amit.singh212@example.com,+918760588734,2024-09-01
213,Vikram Roy,vikram.roy213@example.com,+916780520225,2025-09-23
214,Karan Khan,karan.khan214@example.com,+917405969000,2025-04-11
215,Ritu Verma,ritu.verma215@example.com,+917449553823,2023-09-26
216,Liam Khan,liam.khan216@example.com,+917195103064,2023-10-05
217,Noah Das,noah.das217@example.com,+917083497965,2023-07-13
218,Rahul Kapoor,rahul.kapoor218@example.com,+916083250566,2023-10-08
219,Arjun Kumar,arjun.kumar219@example.com,+917503068227,2025-03-29
220,Sam Singh,sam.singh220@example.com,+919355370399,2023-03-09
221,Sam Kumar,sam.kumar221@example.com,+919239406957,2025-10-13
222,Neha Iyer,neha.iyer222@example.com,+919604460472,2025-10-24
223,Aditya Gupta,aditya.gupta223@example.com,+917024542722,2025-07-07
224,Manish Patel,manish.patel224@example.com,+918422230882,2023-03-19
225,Rohit Roy,rohit.roy225@example.com,+919004179184,2025-02-24
226,Owen Joshi,owen.joshi226@example.com,+916720648887,2024-03-03
227,Aditya Patel,aditya.patel227@example.com,+919340590688,2023-07-29
228,Anita Chopra,anita.chopra228@example.com,+916464280597,2024-03-31
229,Amit Chopra,amit.chopra229@example.com,+918473028098,2023-12-21
230,Aria Khan,aria.khan230@example.com,+917703617827,2023-03-25
231,Evan Iyer,evan.iyer231@example.com,+916326402374,2024-03-17
232,Evan Nair,evan.nair232@example.com,+916437662764,2023-12-01
233,Owen Chopra,owen.chopra233@example.com,+919651981656,2023-12-14
234,Aditya Patel,aditya.patel234@example.com,+919419769846,2024-04-13
235,Lily Kumar,lily.kumar235@example.com,+917491228808,2024-05-17
236,Ishaan Joshi,ishaan.joshi236@example.com,+916296166921,2024-06-13
237,Sam Verma,sam.verma237@example.com,+916054340558,2023-06-28
238,Ishaan Kapoor,ishaan.kapoor238@example.com,+916453285987,2024-08-27
239,Pooja Roy,pooja.roy239@example.com,+919037867512,2025-06-10
240,Ishaan Reddy,ishaan.reddy240@example.com,+919151626818,2024-05-28
241,Sam Rao,sam.rao241@example.com,+918645323395,2023-08-09
242,Aria Malhotra,aria.malhotra242@example.com,+919327059683,2024-07-06
243,Ritu Das,ritu.das243@example.com,+919546503094,2023-10-27
244,Meera Rao,meera.rao244@example.com,+917384287616,2023-06-25
245,Neha Singh,neha.singh245@example.com,+917197987692,2023-05-26
246,Ritu Nair,ritu.nair246@example.com,+919223271103,2024-07-26
247,Meera Saxena,meera.saxena247@example.com,+918869847630,2024-10-21
248,Suresh Sharma,suresh.sharma248@example.com,+918123030247,2023-06-26
249,Suresh Reddy,suresh.reddy249@example.com,+918094011037,2025-04-10
250,Pooja Rao,pooja.rao250@example.com,+917461744198,2025-01-31
251,Liam Saxena,liam.saxena251@example.com,+919011561274,2023-05-27
252,Karan Malhotra,karan.malhotra252@example.com,+916043598698,2024-06-02
253,Rohit Singh,rohit.singh253@example.com,+917036616336,2023-11-07
254,Ishaan Kapoor,ishaan.kapoor254@example.com,+918384463652,2023-09-29
255,Neha Kapoor,neha.kapoor255@example.com,+918774131811,2023-11-16
256,Manish Roy,manish.roy256@example.com,+919405620755,2025-10-27
257,Rahul Chopra,rahul.chopra257@example.com,+916951749308,2024-09-25
258,Evan Nair,evan.nair258@example.com,+917315144891,2024-01-04
259,Meera Joshi,meera.joshi259@example.com,+918032638323,2024-04-26
260,Kavita Joshi,kavita.joshi260@example.com,+917827524957,2023-10-12
261,Arjun Verma,arjun.verma261@example.com,+917511014697,2023-11-25
262,Ritu Rao,ritu.rao262@example.com,+917316935719,2025-03-01
263,Neha Patel,neha.patel263@example.com,+919097892639,2025-04-30
264,Suresh Patel,suresh.patel264@example.com,+919190649866,2024-05-14
265,Owen Reddy,owen.reddy265@example.com,+916822662216,2025-04-06
266,Maya Kapoor,maya.kapoor266@example.com,+917187556862,2023-11-03
267,Meera Mehta,meera.mehta267@example.com,+918563196714,2025-01-28
268,Sneha Iyer,sneha.iyer268@example.com,+917272368870,2025-03-26
269,Pooja Reddy,pooja.reddy269@example.com,+917298229437,2025-10-30
270,Evan Malhotra,evan.malhotra270@example.com,+916543669676,2025-02-06
271,Priya Kumar,priya.kumar271@example.com,+918376658660,2025-01-18
272,Evan Gupta,evan.gupta272@example.com,+918739629302,2023-06-08
273,Owen Kapoor,owen.kapoor273@example.com,+916440610570,2023-06-04
274,Amit Bose,amit.bose274@example.com,+917221228113,2024-07-21
275,Manish Roy,manish.roy275@example.com,+917463320861,2025-05-09
276,Priya Rao,priya.rao276@example.com,+919701071948,2024-07-12
277,Sneha Singh,sneha.singh277@example.com,+917721025347,2024-06-28
278,Rahul Bose,rahul.bose278@example.com,+918703448716,2023-12-12
279,Priya Gupta,priya.gupta279@example.com,+916640798731,2023-08-06
280,Meera Chopra,meera.chopra280@example.com,+916365849190,2025-03-04
281,Sneha Malhotra,sneha.malhotra281@example.com,+919283259600,2024-09-13
282,Aditya Saxena,aditya.saxena282@example.com,+919396205985,2024-02-19
283,Neha Mehta,neha.mehta283@example.com,+917633711193,2024-08-09
284,Aria Roy,aria.roy284@example.com,+917277121963,2023-06-17
285,Meera Das,meera.das285@example.com,+917311598149,2024-04-10
286,Aditya Kumar,aditya.kumar286@example.com,+918618344818,2023-03-06
287,Maya Patel,maya.patel287@example.com,+919275930923,2025-04-15
288,Sam Iyer,sam.iyer288@example.com,+917136646449,2024-01-07
289,Rahul Reddy,rahul.reddy289@example.com,+917030213097,2025-05-20
290,Arjun Singh,arjun.singh290@example.com,+916672302490,2025-11-11
291,Ishaan Roy,ishaan.roy291@example.com,+918960826470,2024-03-15
292,Manish Chopra,manish.chopra292@example.com,+916140187131,2025-03-21
293,Divya Chopra,divya.chopra293@example.com,+919019308557,2023-06-17
294,Ritu Singh,ritu.singh294@example.com,+918952295757,2025-03-19
295,Aria Rao,aria.rao295@example.com,+919383695608,2023-08-26
296,Sam Bose,sam.bose296@example.com,+918839759520,2023-08-13
297,Aria Iyer,aria.iyer297@example.com,+917825957977,2025-07-19
298,Arjun Nair,arjun.nair298@example.com,+918781569954,2025-06-14
299,Aria Rao,aria.rao299@example.com,+919550353803,2025-06-21
300,Rahul Kumar,rahul.kumar300@example.com,+916712632936,2023-08-25
